name,type,district,lat,lon,indoor,noise,romantic,budget_level,walk_score,alcohol_available,extrovert_friendly,tags,address,phone
엘빙할루카,cafe,서초구,37.419884205715505,126.98336133815066,1,2,3,2,3,no,no,"카페,디저트>빙수",서울특별시 서초구 양재동 119 1층,
MAILLET,cafe,서초구,37.47549930931995,126.93560526363137,1,2,3,2,3,no,no,"음식점>카페,디저트",서울특별시 서초구 반포동 106-5,
모센트 양재점,cafe,서초구,37.561489404947984,127.07363467596629,1,2,3,2,3,no,no,"음식점>카페,디저트",서울특별시 서초구 양재동 82-9 1층 102호,
쎄봉 크루아상 크로플마을,cafe,서초구,37.456094097823865,127.03332096069923,1,2,3,2,3,no,no,"음식점>카페,디저트",서울특별시 서초구 방배동 451-33 1층,
챱챱케이크,cafe,서초구,37.54623222820627,126.94479878452184,1,2,3,2,3,no,no,"카페,디저트>케이크전문",서울특별시 서초구 서초동 1656-4 104호 1층 대로변,
리에또,restaurant,서초구,37.55901852523505,126.94076502090228,1,3,3,2,3,no,yes,"이탈리아음식>스파게티,파스타전문",서울특별시 서초구 방배동 451-36,
트라가 강남역점,restaurant,서초구,37.58465998720772,127.00401349908462,1,3,3,2,3,no,yes,음식점>스페인음식,서울특별시 서초구 서초동 1321-9 2층 201호 트라가,
포폴라리타 서래마을 본점,restaurant,서초구,37.58248960145723,127.06680256892649,1,3,3,2,3,no,yes,음식점>이탈리아음식,서울특별시 서초구 반포동 96-1 성운빌딩1층 포폴라리타 서래마을 본점,
도셰프,restaurant,서초구,37.52629042768555,126.96290686459054,1,3,3,2,3,no,yes,음식점>이탈리아음식,서울특별시 서초구 반포동 707-8,
앙젤리제,restaurant,서초구,37.549277548616644,127.064176135267,1,3,3,2,3,no,yes,음식점>양식,서울특별시 서초구 방배동 454-14 2층,
듀블럭 이수역점,restaurant,서초구,37.462150000925845,127.0635027257955,1,3,3,2,3,no,yes,음식점>양식,서울특별시 서초구 방배동 421-3 1층,
쓰리버즈 센트럴시티점,restaurant,서초구,37.43342135526446,127.05345608012773,1,3,3,2,3,no,yes,음식점>브런치,서울특별시 서초구 반포동 118-3 쓰리버즈,
더플라잉팬 레드,restaurant,서초구,37.51795680836042,126.91598824837313,1,3,3,2,3,no,yes,음식점>양식,서울특별시 서초구 서초동 1317-23 지티타워 지하1층,
포시즌키친 양재천점,restaurant,서초구,37.51374758178535,127.05544636839724,1,3,3,2,3,no,yes,음식점>양식,서울특별시 서초구 양재동 85-7 1층,
파스타 트리오,restaurant,서초구,37.567529670606646,126.98866300172692,1,3,3,2,3,no,yes,음식점>양식,서울특별시 서초구 반포동 708-1 미주빌딩 102호,
비스트로누,restaurant,서초구,37.490831296799755,127.01587577531322,1,3,3,2,3,no,yes,음식점>이탈리아음식,서울특별시 서초구 반포동 92-7 3층,
플랫나인,restaurant,서초구,37.56043144891468,127.0664676696722,1,4,2,2,3,yes,yes,술집>요리주점,서울특별시 서초구 서초동 1308-15 5층,
에떼,restaurant,서초구,37.412197994356404,126.97712264870009,1,2,4,4,3,yes,no,술집>와인,서울특별시 서초구 양재동 95-8 트윈타워 1층,
무드서울,restaurant,서초구,37.55230929808955,127.00913296855659,1,2,4,4,3,yes,no,술집>와인,"서울특별시 서초구 반포동 650 솔빛섬 1층, 2층",
먼데이블루스,restaurant,서초구,37.575199681327305,126.91232217541864,1,2,4,4,3,yes,no,술집>와인,서울특별시 서초구 서초동 1330 삼성쉐르빌2 1층,
와인에세이 와인샵,restaurant,서초구,37.47151806793938,127.00310523508016,1,2,4,4,3,yes,no,술집>와인,서울특별시 서초구 서초동 1473-1 1층 101호,
더몰트하우스 강남역점,restaurant,서초구,37.403397678800665,127.00123721910995,1,3,3,2,3,no,yes,음식점>양식>이탈리아음식,"서울특별시 서초구 서초동 1316-29 1층, 2층",
바리에가타 신논현,restaurant,서초구,37.59234125338208,126.95980174136692,1,3,3,2,3,no,yes,음식점>이탈리아음식,"서울특별시 서초구 반포동 739-35 1층, 2층",
매드포갈릭 사당점,restaurant,서초구,37.47006717695878,126.91372869801681,1,3,3,2,3,no,yes,양식>이탈리아음식,서울특별시 서초구 방배동 444-3 파스텔시티 2층,
라비드쿤,restaurant,서초구,37.48567571836068,126.99312362536476,1,3,3,2,3,no,yes,음식점>프랑스음식,서울특별시 서초구 양재동 249-13,
에쌍스,restaurant,서초구,37.43226154356064,127.05117451145625,1,3,3,2,3,no,yes,음식점>프랑스음식,서울특별시 서초구 서초동 1451-86 석탑빌딩 1층,
레스토랑 에어룸,restaurant,서초구,37.41486479774218,127.04950408433002,1,3,3,2,3,no,yes,음식점>프랑스음식,서울특별시 서초구 반포동 110-1 지1층,
라싸브어,restaurant,서초구,37.52808429803013,126.91865870422757,1,3,3,2,3,no,yes,음식점>프랑스음식,서울특별시 서초구 반포동 90-10 다솜빌딩 5층,
마담미미,restaurant,서초구,37.431240561581255,126.90801957833081,1,3,3,2,3,no,yes,음식점>프랑스음식,서울특별시 서초구 반포동 107-100 1층,
리틀올리브 서울,restaurant,서초구,37.54525024536821,127.01623735745146,1,3,3,2,3,no,yes,음식점>스페인음식,서울특별시 서초구 양재동 122 1F 리틀올리브,
꼬메도르16,restaurant,서초구,37.59820128495324,126.94359003422734,1,3,3,2,3,no,yes,음식점>스페인음식,서울특별시 서초구 양재동 284-2 101호 꼬메도르16,
꼬시나 에스파냐,restaurant,서초구,37.473329433671665,127.05695510896362,1,3,3,2,3,no,yes,음식점>스페인음식,서울특별시 서초구 반포동 104-1 2층,
타파델디아,restaurant,서초구,37.52544534304081,127.03654063349855,1,3,3,2,3,no,yes,음식점>스페인음식,서울특별시 서초구 방배동 425-1 102동 103호,
아카사카일식 강남역본점,restaurant,서초구,37.55562899884537,126.91032407574326,1,3,3,2,3,no,yes,음식점>일식>일식당,서울특별시 서초구 서초동 1327 서초타운트라팰리스 지하1층,
미우야,restaurant,서초구,37.501099919067094,126.91952257182902,1,3,3,2,3,no,yes,음식점>일식>일식당,서울특별시 서초구 양재동 116-5 기정빌딩 1층,
댓짱돈까스 본점,restaurant,서초구,37.46161050786881,126.9574060611293,1,3,3,2,3,no,yes,음식점>일식>돈가스,서울특별시 서초구 방배동 1021-14 배영빌딩 1층,
가츠오 교대본점,restaurant,서초구,37.441878814949234,127.094614457788,1,3,3,2,3,no,yes,음식점>일식>돈가스,서울특별시 서초구 서초동 1658-17,
멘야하나비 신사점,restaurant,서초구,37.52803898274622,127.0437585753007,1,3,3,2,3,no,yes,음식점>일식>일본식라면,서울특별시 서초구 잠원동 10-44 1층 멘야하나비 신사점 (신사역 5번 출구),
가우리집,restaurant,서초구,37.52619489837758,127.08808150063557,1,3,3,2,3,no,yes,"한식>해물,생선요리",서울특별시 서초구 방배동 448-6 1층,
꾸석지돌판한우 강남점,restaurant,서초구,37.46071021628385,126.95943289951725,1,3,3,2,3,no,yes,"육류,고기요리>소고기구이",서울특별시 서초구 서초동 1307-29 3층 301호,
석암생소금구이 사당점,restaurant,서초구,37.52834404672766,126.9996030952139,1,3,3,2,3,no,yes,"한식>육류,고기요리",서울특별시 서초구 방배동 450-26 1층,
담,restaurant,서초구,37.53935401908805,127.05466796510687,1,3,3,2,3,no,yes,한식>한정식,서울특별시 서초구 서초동 700 예술의전당 서예박물관 1층,
거대곰탕 서초점,restaurant,서초구,37.46209140696,127.03178626148727,1,3,3,2,3,no,yes,"한식>곰탕,설렁탕",서울특별시 서초구 서초동 1331-2 B1층 B102호,
미니말레 커피뢰스터 교대법원점,cafe,서초구,37.47928557998642,127.05683459409167,1,2,3,2,3,no,no,"음식점>카페,디저트",서울특별시 서초구 서초동 1694-6 1층 미니말레 커피뢰스터 교대법원점,
리플렉트커피 로스팅 랩,cafe,서초구,37.44554732642937,126.90728536412605,1,2,3,2,3,no,no,"음식점>카페,디저트",서울특별시 서초구 서초동 1359-46 104호,
오쎄,cafe,서초구,37.54040134957856,126.99387008236427,1,2,3,2,3,no,no,"음식점>카페,디저트",서울특별시 서초구 방배동 454-20 1/2층 카페 오쎄,
비밀베이커리 예술의전당점,cafe,서초구,37.44523730743391,127.07579631744308,1,2,3,2,3,no,no,"카페,디저트>베이커리",서울특별시 서초구 서초동 1451-81,
레망도레 서래마을점,cafe,서초구,37.47626316950558,126.94426808519655,1,2,3,2,3,no,no,"카페,디저트>베이커리",서울특별시 서초구 반포동 68-1 1층,
누아주베이커리 방배본점,cafe,서초구,37.549276788612325,126.98371712679136,1,2,3,2,3,no,no,"카페,디저트>베이커리",서울특별시 서초구 방배동 813-4 1층 누아주베이커리,
쿄 베이커리 X 카페더인피닛,cafe,서초구,37.48893290736536,126.9926416502509,1,2,3,2,3,no,no,"카페,디저트>베이커리",서울특별시 서초구 서초동 1303-6,
빠다롤뺑프랑스,cafe,서초구,37.45358871501536,127.01199462180821,1,2,3,2,3,no,no,"카페,디저트>베이커리",서울특별시 서초구 양재동 82-8 1층 빠다롤 뺑 프랑스,
아키비스트 송파점,cafe,송파구,37.50286183413799,127.08121365601438,1,2,3,2,3,no,no,"카페,디저트>카페","서울특별시 송파구 송파동 58-8 지하1층, 지상1층, 2층",
브루브루,cafe,송파구,37.559854980564914,126.95732758268049,1,2,3,2,3,no,no,"음식점>카페,디저트","서울특별시 송파구 송파동 141-1 지하1, 1, 2층",
온더브레드 송파문정,cafe,송파구,37.41193577814878,126.9753458667452,1,2,3,2,3,no,no,"음식점>카페,디저트","서울특별시 송파구 문정동 46-11 1, 2층",
하우모찌,cafe,송파구,37.51647528443595,127.08865127306025,1,2,3,2,3,no,no,"음식점>카페,디저트",서울특별시 송파구 송파동 51-8 지하1층,
비터솔트,cafe,송파구,37.51514470722658,127.09602841596383,1,2,3,2,3,no,no,"카페,디저트>베이커리",서울특별시 송파구 송파동 46 2층,
캐롤스,restaurant,송파구,37.47130990233796,126.91116443843678,1,3,3,2,3,no,yes,음식점>패밀리레스토랑,서울특별시 송파구 신천동 29 롯데월드몰 3층 캐롤스,
더 이탈리안 클럽,restaurant,송파구,37.585469693031264,127.05109342389422,1,3,3,2,3,no,yes,음식점>양식,서울특별시 송파구 신천동 29-1 KT송파타워 2층 더 이탈리안 클럽,
디라이프스타일키친 롯데월드몰점,restaurant,송파구,37.40274740208816,126.97736499903645,1,3,3,2,3,no,yes,음식점>양식,서울특별시 송파구 신천동 29 5층,
비스트로베네토,restaurant,송파구,37.56992235221839,127.00934226226319,1,3,3,2,3,no,yes,음식점>이탈리아음식,서울특별시 송파구 방이동 171 1층 비스트로베네토,
치즈룸&amp;테이스팅룸 롯데월드몰점,restaurant,송파구,37.446806035416174,126.9995361879229,1,3,3,2,3,no,yes,음식점>이탈리아음식,서울특별시 송파구 신천동 29 롯데월드몰 5층,
MIP,restaurant,송파구,37.47153060949334,127.06221320817708,1,3,3,2,3,no,yes,음식점>양식,서울특별시 송파구 송파동 32 1층,
슬로우어스,cafe,송파구,37.51922185222384,127.09509081704095,1,2,3,2,3,no,no,브런치카페,서울특별시 송파구 석촌동 158-5 1층 104~107호,
니커버커베이글 잠실점,cafe,송파구,37.51329836309261,126.94734198095787,1,2,3,2,3,no,no,"음식점>카페,디저트",서울특별시 송파구 송파동 32-1 1층 109~112호,
빌즈 잠실,restaurant,송파구,37.40488132973608,127.03950079914149,1,3,3,2,3,no,yes,음식점>양식,서울특별시 송파구 신천동 29 롯데월드몰 1층,
오붓식당 본점,restaurant,송파구,37.51705583021185,126.90526886243396,1,3,3,2,3,no,yes,음식점>양식,서울특별시 송파구 장지동 897 중앙푸르지오 1단지 상가2층 203호 오붓식당,
온량,restaurant,송파구,37.5186489571061,126.96957177076467,1,3,3,2,3,no,yes,음식점>양식,서울특별시 송파구 송파동 47 1층,
디에스티클럽,restaurant,송파구,37.407495827246414,127.07758221694168,1,4,2,2,3,yes,yes,술집>요리주점,서울특별시 송파구 송파동 29-6 2층 디에스티클럽,
코르크서울 레코드바,restaurant,송파구,37.45424596167848,127.00881439754828,1,2,4,4,3,yes,no,술집>와인,서울특별시 송파구 송파동 53-9 201호 코르크서울 레코드바,
퍼플독 송파본점,restaurant,송파구,37.5253255441491,127.0119201532837,1,2,4,4,3,yes,no,술집>와인,서울특별시 송파구 석촌동 273-5 지하1층,
크래프트아일랜드 잠실점,restaurant,송파구,37.4054759784384,126.9593685938381,1,4,2,2,3,yes,yes,"술집>맥주,호프","서울특별시 송파구 신천동 7-14 더샵스타파크상가 114호, 115호, 119호",
시그니엘서울 더 라운지,restaurant,송파구,37.435408309654,126.95582442058904,1,4,2,2,3,yes,yes,술집>바(BAR),서울특별시 송파구 신천동 29 롯데월드타워 79층,
투파인드피터 잠실점,restaurant,송파구,37.59064663557374,126.90343791857663,1,3,3,2,3,no,yes,음식점>양식>이탈리아음식,서울특별시 송파구 잠실동 184-12 3층,
피자네버슬립스 송리단길점,restaurant,송파구,37.43622890289634,126.94837060287801,1,3,3,2,3,no,yes,음식점>피자,서울특별시 송파구 송파동 49-5 지층,
요리하는남자,restaurant,송파구,37.513957878368416,126.94324274117761,1,3,3,2,3,no,yes,음식점>이탈리아음식,서울특별시 송파구 잠실동 180-9 반석빌딩 지하1층,
콘메,restaurant,송파구,37.42303355731623,127.0748457067375,1,3,3,2,3,no,yes,음식점>이탈리아음식,서울특별시 송파구 송파동 85-5 1층,
소피텔 앰배서더 서울 페메종,restaurant,송파구,37.579048883612835,127.06063436638641,1,3,3,2,3,no,yes,음식점>프랑스음식,서울특별시 송파구 신천동 29-1 소피텔 앰배서더 서울 호텔 & 서비스드 레지던스 4층,
시그니엘 서울 STAY,restaurant,송파구,37.43866403507038,127.0245038058484,1,3,3,2,3,no,yes,음식점>프랑스음식,서울특별시 송파구 신천동 29 롯데월드타워 81층 스테이,
정띠,restaurant,송파구,37.4872801147697,126.98519869499601,1,3,3,2,3,no,yes,음식점>프랑스음식,서울특별시 송파구 잠실동 210-43 1층 정띠 gentil,
프랑스와,restaurant,송파구,37.54073485850385,126.9533238178894,1,3,3,2,3,no,yes,음식점>프랑스음식,서울특별시 송파구 석촌동 52-1 2층,
원스,restaurant,송파구,37.43490793497752,126.99234772829902,1,3,3,2,3,no,yes,음식점>프랑스음식,서울특별시 송파구 석촌동 10-10 1층 원스,
트라가 잠실점,restaurant,송파구,37.478176355874034,126.93571169310081,1,3,3,2,3,no,yes,음식점>스페인음식,"서울특별시 송파구 신천동 11-4 232호, 233호",
스페인클럽 롯데월드몰점,restaurant,송파구,37.46657146035978,127.06422524052851,1,3,3,2,3,no,yes,음식점>스페인음식,서울특별시 송파구 신천동 29 롯데월드몰 6층,
리코타파,restaurant,송파구,37.42230322425815,127.08166294666623,1,3,3,2,3,no,yes,음식점>스페인음식,서울특별시 송파구 송파동 14-4 1층,
롯데월드스페인해적선,restaurant,송파구,37.559222927235595,126.932752884018,1,3,3,2,3,no,yes,놀이기구,서울특별시 송파구 잠실동 40-1 롯데월드,
세실리아스페인어,restaurant,송파구,37.44758369767214,126.98170149969306,1,3,3,2,3,no,yes,어학교육,서울특별시 송파구 석촌동 271-5,
팔각동,restaurant,송파구,37.41718495632982,126.97121077248255,1,4,2,2,3,yes,yes,술집>이자카야,서울특별시 송파구 송파동 8-13 1층 104호 팔각동,
태인일식,restaurant,송파구,37.57948048993737,126.932669925809,1,3,3,2,3,no,yes,음식점>일식>일식당,서울특별시 송파구 가락동 98-6,
다다 풀코스,restaurant,송파구,37.420575465984236,126.9371742948334,1,3,3,2,3,no,yes,음식점>일식>일식당,서울특별시 송파구 방이동 192-4 1층,
토도로끼,restaurant,송파구,37.533432907476204,127.03301405195137,1,3,3,2,3,no,yes,음식점>일식>일식당,서울특별시 송파구 신천동 7-14 잠실 더샵스타파크,
일식 청정해,restaurant,송파구,37.579997728055794,126.96103624646852,1,3,3,2,3,no,yes,음식점>일식>일식당,서울특별시 송파구 가락동 80 송파 성원상떼빌 2층,
굽돌집 잠실방이직영점,restaurant,송파구,37.46851228237035,127.02974370471402,1,3,3,2,3,no,yes,한식>돼지고기구이,서울특별시 송파구 방이동 109-11 1층,
만애옥 송파 가락시장본점,restaurant,송파구,37.52889117507927,126.94981496967857,1,3,3,2,3,no,yes,한식>생선구이,서울특별시 송파구 가락동 101 1층 만애옥 송파 가락시장본점,
진원소우 잠실새내점,restaurant,송파구,37.430842412927745,126.98527223560852,1,3,3,2,3,no,yes,"음식점>한식>육류,고기요리>소고기구이",서울특별시 송파구 잠실동 190 2층,
돈필살 잠실점,restaurant,송파구,37.48620410785549,127.01403359177745,1,3,3,2,3,no,yes,"한식>육류,고기요리",서울특별시 송파구 송파동 57-3 1층,
황도바지락칼국수,restaurant,송파구,37.41231773078935,127.00727223517143,1,3,3,2,3,no,yes,"한식>칼국수,만두",서울특별시 송파구 석촌동 286-9,
웰하우스,cafe,송파구,37.439841617968,126.95829163503284,1,2,3,2,3,no,no,"음식점>카페,디저트",서울특별시 송파구 송파동 57-11 2층,
롯데호텔월드 더 라운지 앤 바,cafe,송파구,37.449045747293475,126.9838037574179,1,2,3,2,3,no,no,"음식점>카페,디저트",서울특별시 송파구 잠실동 40-1 롯데호텔 1층,
뷰클런즈,cafe,송파구,37.57284271157677,127.07842504522822,1,2,3,2,3,no,no,"음식점>카페,디저트",서울특별시 송파구 송파동 45-18 1층,
진저베어,cafe,송파구,37.42288713458658,127.05271134510339,1,2,3,2,3,no,no,"음식점>카페,디저트",서울특별시 송파구 송파동 8-10 1층,
팻어케이크,cafe,송파구,37.577454230852524,126.95791944584762,1,2,3,2,3,no,no,"음식점>카페,디저트",서울특별시 송파구 송파동 45-4 2층,
오쿠쿠베이커리 잠실본점,cafe,송파구,37.58891789166907,126.92162911456083,1,2,3,2,3,no,no,"음식점>카페,디저트",서울특별시 송파구 방이동 108-12 오쿠쿠 베이커리 잠실본점,
플라워아티장베이커리 문정,cafe,송파구,37.55887189455982,126.92361741355506,1,2,3,2,3,no,no,"카페,디저트>베이커리",서울특별시 송파구 문정동 643-1 엠스테이트 지하 1층 B134호,
밀파니,cafe,송파구,37.452345163136805,126.98325240940049,1,2,3,2,3,no,no,"카페,디저트>베이커리","서울특별시 송파구 거여동 594-6 밀파니 타워 1층, 2층",
끄네들로,cafe,송파구,37.46411802652565,127.03545527877192,1,2,3,2,3,no,no,"음식점>카페,디저트",서울특별시 송파구 방이동 65-6 국제빌딩 끄네들로,
픽베이크,cafe,성동구,37.41827704273945,127.0655137921096,1,2,3,2,3,no,no,"카페,디저트>카페","서울특별시 성동구 성수동1가 685-329 지1층,1층,2층",
포레스트 서울숲,cafe,성동구,37.4140591173982,126.92054342840977,1,2,3,2,3,no,no,"음식점>카페,디저트",서울특별시 성동구 성수동1가 685-449 1층~4층,
베이글랜드 성수점,cafe,성동구,37.50504732165222,127.05141730841885,1,2,3,2,3,no,no,"음식점>카페,디저트",서울특별시 성동구 성수동2가 316-74 2층,
젠젠 성수점,cafe,성동구,37.590453884241825,126.96203050457207,1,2,3,2,3,no,no,"음식점>카페,디저트",서울특별시 성동구 성수동2가 273-61 우리큐브 빌딩 1층 젠젠카페,
에트레베이크하우스,cafe,성동구,37.44847847550358,127.03899625823651,1,2,3,2,3,no,no,"카페,디저트>베이커리","서울특별시 성동구 성수동2가 316-57 1, 2층",
스케줄 성수,restaurant,성동구,37.56015075054519,126.9019828396728,1,3,3,2,3,no,yes,음식점>양식,서울특별시 성동구 성수동2가 315-71 2층,
디핀옥수,restaurant,성동구,37.42591646268695,126.93167229009235,1,3,3,2,3,no,yes,음식점>양식,서울특별시 성동구 옥수동 244-10 지하1층,
오뜨로 성수,restaurant,성동구,37.54593294199263,126.9472609761604,1,3,3,2,3,no,yes,음식점>양식,서울특별시 성동구 성수동1가 656-334 서울숲 M타워,
성수까망,restaurant,성동구,37.42745743691982,126.93827042103187,1,3,3,2,3,no,yes,음식점>양식,서울특별시 성동구 성수동2가 315-30 2층,
세디치,restaurant,성동구,37.57909036159916,127.0405666849023,1,3,3,2,3,no,yes,음식점>이탈리아음식,서울특별시 성동구 성수동2가 277-43 성수동아크밸리 1층 세디치,
쎄콩데live,cafe,성동구,37.43311078688575,126.92245119696396,1,2,3,2,3,no,no,"음식점>카페,디저트",서울특별시 성동구 성수동1가 668-110 2층,
메이플탑,restaurant,성동구,37.5381974486557,127.0722385714961,1,3,3,2,3,no,yes,음식점>브런치,서울특별시 성동구 성수동2가 322-4 성수연방 A동 2층,
파이프그라운드 서울숲점,restaurant,성동구,37.43660824431341,127.03857511609706,1,3,3,2,3,no,yes,음식점>양식,"서울특별시 성동구 성수동1가 685-700 지하1층 B124호, B125호",
써니눅 성수,restaurant,성동구,37.467794389983965,126.92072738378576,1,3,3,2,3,no,yes,음식점>양식,서울특별시 성동구 성수동2가 328-6 UPTOS 지하1층 써니눅,
플르서라구뜨,restaurant,성동구,37.537812281053554,126.9915322180118,1,3,3,2,3,no,yes,음식점>브런치,서울특별시 성동구 성수동1가 685-462 Fleurs sur la route,
성수온실 성수본점,restaurant,성동구,37.5106760272749,127.05811013267073,1,3,3,2,3,no,yes,"이탈리아음식>스파게티,파스타전문","서울특별시 성동구 성수동1가 8-28 2, 3층",
성수다락,restaurant,성동구,37.577706131172505,126.96455103213891,1,3,3,2,3,no,yes,"이탈리아음식>스파게티,파스타전문",서울특별시 성동구 성수동2가 328-15 2층,
성수옥상,restaurant,성동구,37.57986383743105,126.96838915551774,1,2,4,4,3,yes,no,술집>와인,서울특별시 성동구 성수동2가 272-35 4층,
와아,restaurant,성동구,37.5772192334378,127.0075776415482,1,2,4,4,3,yes,no,술집>와인,서울특별시 성동구 성수동1가 14-44 3층,
윕 성수,restaurant,성동구,37.41253873022966,126.93960320694697,1,4,2,2,3,yes,yes,술집>요리주점,서울특별시 성동구 성수동2가 299-63 1층,
포도젝트,restaurant,성동구,37.57635850470736,127.07031180351622,1,4,2,2,3,yes,yes,술집>요리주점,서울특별시 성동구 성수동2가 331-150 1층(),
희릿,restaurant,성동구,37.412699507247794,127.06763863569228,1,2,4,4,3,yes,no,술집>와인,서울특별시 성동구 성수동1가 656-1661 1층,
HDD피자 성수점,restaurant,성동구,37.4205297767846,127.00349128887703,1,3,3,2,3,no,yes,음식점>피자,서울특별시 성동구 성수동2가 310-3,
마리오네,restaurant,성동구,37.518255714142576,126.96734568975234,1,3,3,2,3,no,yes,음식점>이탈리아음식,서울특별시 성동구 성수동2가 299-50 1층,
브리비트 성수,restaurant,성동구,37.50022122364096,126.98049196117645,1,3,3,2,3,no,yes,"이탈리아음식>스파게티,파스타전문",서울특별시 성동구 성수동1가 13-191 1층,
오부이용,restaurant,성동구,37.542016172603745,126.97657481469997,1,3,3,2,3,no,yes,음식점>프랑스음식,서울특별시 성동구 금호동1가 1766 1층,
매튜,restaurant,성동구,37.482237106885705,127.0938340192644,1,3,3,2,3,no,yes,음식점>프랑스음식,서울특별시 성동구 성수동2가 256-3 1층,
뛰뚜아멍,restaurant,성동구,37.50760972130228,127.01631946327439,1,3,3,2,3,no,yes,음식점>프랑스음식,서울특별시 성동구 송정동 73-579 1층 101호,
마장동 호랑이,restaurant,성동구,37.548388232716924,127.07045162534094,1,3,3,2,3,no,yes,음식점>프랑스음식,서울특별시 성동구 마장동 818 현대상가 3층 호랑이,
두손두발,restaurant,성동구,37.52326064569064,126.98935657490094,1,3,3,2,3,no,yes,"미용>네일아트,네일샵",서울특별시 성동구 하왕십리동 890-84 1층 두손두발,
페레힐,restaurant,성동구,37.52924523388022,126.99451381106861,1,3,3,2,3,no,yes,음식점>스페인음식,서울특별시 성동구 성수동2가 316-48 1층 페레힐,
에스메로,restaurant,성동구,37.44640557652015,126.97041066381584,1,3,3,2,3,no,yes,음식점>스페인음식,서울특별시 성동구 성수동2가 271-12 9층 & 루프탑,
루쎄로,restaurant,성동구,37.47645360637823,126.96737620956891,1,3,3,2,3,no,yes,음식점>스페인음식,서울특별시 성동구 성수동1가 668-5 3층,
치리미리,restaurant,성동구,37.566306785954595,127.01387521483719,1,3,3,2,3,no,yes,음식점>스페인음식,서울특별시 성동구 성수동1가 13-330 1층,
아델라아트컴퍼니,restaurant,성동구,37.599298899726485,127.08641157918835,1,3,3,2,3,no,yes,"스포츠,레크레이션교육>무용,발레",서울특별시 성동구 성수동1가 656-988 지하층,
연탄요릿집,restaurant,성동구,37.43895263503653,126.97649318677496,1,4,2,2,3,yes,yes,술집>요리주점,서울특별시 성동구 성수동2가 565-20 1층,
노바일식,restaurant,성동구,37.569539895797966,126.92900962531958,1,3,3,2,3,no,yes,음식점>일식>일식당,서울특별시 성동구 금호동2가 485-1 2층,
윤경양식당,restaurant,성동구,37.437129855185674,126.90165708038391,1,3,3,2,3,no,yes,음식점>일식>돈가스,서울특별시 성동구 성수동1가 668-105 1층,
멘츠루 성수점,restaurant,성동구,37.46959691351529,126.93283172534194,1,3,3,2,3,no,yes,음식점>일식>일본식라면,서울특별시 성동구 성수동2가 273-24 103호,
미키스시,restaurant,성동구,37.45081724967368,126.94604346162842,1,3,3,2,3,no,yes,"음식점>일식>초밥,롤",서울특별시 성동구 성수동2가 315-13 1층,
최가네샤브버섯칼국수 성수직영점,restaurant,성동구,37.42105316753745,126.93242952712664,1,3,3,2,3,no,yes,음식점>한식,서울특별시 성동구 성수동1가 668-99 1층,
채육식당 성수점,restaurant,성동구,37.49388358193793,127.06782119514149,1,3,3,2,3,no,yes,음식점>한식,서울특별시 성동구 성수동2가 280-13 삼환디지털벤처타워 1층,
오늘보쌈칼국수 왕십리본점,restaurant,성동구,37.5892531332373,127.04459194884109,1,3,3,2,3,no,yes,음식점>한식,서울특별시 성동구 행당동 292-4 1층,
성수AGU,restaurant,성동구,37.50449802030261,126.9515881165171,1,3,3,2,3,no,yes,"한식>아귀찜,해물찜",서울특별시 성동구 성수동1가 13-145 성수AGU,
석암생소금구이 성수점,restaurant,성동구,37.41406455875428,126.90048532835158,1,3,3,2,3,no,yes,"한식>육류,고기요리",서울특별시 성동구 성수동2가 300-5 1층 104호,
아쿠아산타 성수카페,cafe,성동구,37.50581434226093,127.00490264508653,1,2,3,2,3,no,no,"음식점>카페,디저트",서울특별시 성동구 성수동2가 271-24 1층 107호,
하이라인 성수카페,cafe,성동구,37.51972162016787,127.0537350529589,1,2,3,2,3,no,no,"음식점>카페,디저트",서울특별시 성동구 성수동1가 272 2층 하이라인성수카페,
비아트 성수,cafe,성동구,37.47375319286026,126.9493011874263,1,2,3,2,3,no,no,"음식점>카페,디저트",서울특별시 성동구 성수동2가 289-279 2층,
천상가옥,cafe,성동구,37.554085710265696,127.00580860423058,1,2,3,2,3,no,no,"음식점>카페,디저트",서울특별시 성동구 성수동2가 322-4 A동 3층,
무브모브 성수,cafe,성동구,37.48059583663203,127.04762851007999,1,2,3,2,3,no,no,"음식점>카페,디저트",서울특별시 성동구 성수동2가 301-51,
테니,cafe,성동구,37.568027046939996,126.93085302821636,1,2,3,2,3,no,no,"카페,디저트>베이커리",서울특별시 성동구 성수동2가 271-7 1층,
베통 성수 플래그십,cafe,성동구,37.454181124711155,127.05600447476671,1,2,3,2,3,no,no,"음식점>카페,디저트",서울특별시 성동구 성수동2가 315-47 베통 성수,
키베이커리,cafe,성동구,37.52549105585262,126.93240833224567,1,2,3,2,3,no,no,"카페,디저트>베이커리",서울특별시 성동구 성수동1가 656-95,
한입베이글 성수점,cafe,성동구,37.45986149398098,127.06169281135082,1,2,3,2,3,no,no,"카페,디저트>베이커리",서울특별시 성동구 성수동1가 656-253 1층,
왓어브레드 용산점,cafe,용산구,37.40913675121273,127.02662447073939,1,2,3,2,3,no,no,"음식점>카페,디저트",서울특별시 용산구 한강로3가 40-642 1층,
카페 메모리얼,cafe,용산구,37.41439619895682,127.09661738688948,1,2,3,2,3,no,no,"음식점>카페,디저트",서울특별시 용산구 한강로3가 40-999 아이파크몰 용산점 리빙파크 3F 도파민스테이션,
딥하우스 용산,cafe,용산구,37.47745213462304,126.9082685667531,1,2,3,2,3,no,no,"음식점>카페,디저트",서울특별시 용산구 한강로2가 99-5 1층,
포컬포인트,cafe,용산구,37.54954650301464,126.92151723836534,1,2,3,2,3,no,no,"음식점>카페,디저트",서울특별시 용산구 서계동 220-5,
오시오카페 아이파크몰용산점,cafe,용산구,37.548038594002996,127.04264518753592,1,2,3,2,3,no,no,"음식점>카페,디저트",서울특별시 용산구 한강로3가 40-999 아이파크몰 용산점 6층,
독립밀방 서울역,restaurant,용산구,37.466325733112264,127.06886475492017,1,3,3,2,3,no,yes,음식점>양식,서울특별시 용산구 동자동 43-205 서울역사 4층 독립밀방,
라인드한남 &amp; 루프탑,restaurant,용산구,37.54947152734125,127.07806507357468,1,3,3,2,3,no,yes,음식점>이탈리아음식,서울특별시 용산구 한남동 657-97 6층,
레스토랑 아이오유,restaurant,용산구,37.418828893642555,126.97062511569284,1,3,3,2,3,no,yes,음식점>이탈리아음식,서울특별시 용산구 청암동 164,
쇼니노,restaurant,용산구,37.431900510723935,126.94907096506726,1,3,3,2,3,no,yes,음식점>양식,서울특별시 용산구 한강로3가 40-126 1층,
멜팅팟,restaurant,용산구,37.470976196623226,127.01791051856571,1,3,3,2,3,no,yes,음식점>양식,서울특별시 용산구 한강로1가 141-3 2층,
카토,restaurant,용산구,37.4185253623133,126.96087533673848,1,3,3,2,3,no,yes,음식점>양식,"서울특별시 용산구 한강로3가 40-224 1층, 2층",
도토리 용산점,cafe,용산구,37.47685486617218,127.07079671506295,1,2,3,2,3,no,no,"음식점>카페,디저트",서울특별시 용산구 한강로1가 227 1층,
오아시스 한남점,restaurant,용산구,37.594722816129135,127.01880533229004,1,3,3,2,3,no,yes,음식점>브런치,서울특별시 용산구 한남동 745-10,
느루 용산점,restaurant,용산구,37.537939382475145,126.99626834587522,1,3,3,2,3,no,yes,음식점>양식,서울특별시 용산구 한강로2가 134-1 1층,
쌤쌤쌤,restaurant,용산구,37.499513881522596,126.9583468000744,1,3,3,2,3,no,yes,음식점>양식,서울특별시 용산구 한강로2가 47-3 1층,
파이프그라운드 한남점,restaurant,용산구,37.56910341934338,127.06645779711504,1,3,3,2,3,no,yes,음식점>피자,서울특별시 용산구 한남동 727-21 지하1층,
퍼즈남영,restaurant,용산구,37.43835177029106,127.04586320402203,1,4,2,2,3,yes,yes,술집>요리주점,서울특별시 용산구 갈월동 90-15 2층,
차경,restaurant,용산구,37.56037758770051,127.03558890420076,1,2,4,4,3,yes,no,술집>와인,서울특별시 용산구 용산동2가 1-82 2층,
청파비노,restaurant,용산구,37.41572072055236,126.96309198286704,1,2,4,4,3,yes,no,술집>와인,서울특별시 용산구 서계동 235-21 1층,
비노파라다이스 한남,restaurant,용산구,37.47476015319521,126.98333280962534,1,2,4,4,3,yes,no,술집>와인,서울특별시 용산구 한남동 32-26,
선셋 무드,restaurant,용산구,37.472031699484006,127.06055141569118,1,4,2,2,3,yes,yes,술집>바(BAR),서울특별시 용산구 이태원동 226-6 4층,
리틀넥 한남,restaurant,용산구,37.404885527124875,127.05264887544294,1,3,3,2,3,no,yes,음식점>양식>이탈리아음식,서울특별시 용산구 한남동 727-21 1층,
부자피자 1호점,restaurant,용산구,37.54177199585882,126.92221564594685,1,3,3,2,3,no,yes,음식점>피자,서울특별시 용산구 한남동 743-33,
매드포갈릭 용산아이파크몰점,restaurant,용산구,37.42485854691821,126.91188914368709,1,3,3,2,3,no,yes,양식>이탈리아음식,서울특별시 용산구 한강로3가 40-999 용산아이파크몰 TASTE PARK 5층,
메종 루블랑,restaurant,용산구,37.527246812693036,126.94985642019138,1,3,3,2,3,no,yes,음식점>프랑스음식,서울특별시 용산구 한강로3가 40-159 1층,
라따뚜이 인 서울,restaurant,용산구,37.52607044718564,127.08293291715648,1,3,3,2,3,no,yes,음식점>프랑스음식,서울특별시 용산구 청파동3가 12-2 1층 라따뚜이인서울,
베쓰 푸틴,restaurant,용산구,37.55954745205652,127.08103658970262,1,3,3,2,3,no,yes,음식점>후렌치후라이,서울특별시 용산구 보광동 238-12 1층 102호,
알레즈,restaurant,용산구,37.47788016416235,126.92349591745266,1,3,3,2,3,no,yes,음식점>프랑스음식,서울특별시 용산구 한남동 32-17,
뮤땅,restaurant,용산구,37.57378604563195,126.94508560509546,1,3,3,2,3,no,yes,음식점>프랑스음식,서울특별시 용산구 한남동 653-103 2층,
타파코파,restaurant,용산구,37.40180563167589,127.05635847863748,1,3,3,2,3,no,yes,음식점>스페인음식,서울특별시 용산구 한강로1가 231-12 1층,
레에스티우,restaurant,용산구,37.52335097214008,126.96932619060206,1,3,3,2,3,no,yes,음식점>스페인음식,서울특별시 용산구 한남동 644-19 레에스티우,
비니투스 용산본점,restaurant,용산구,37.46344390853822,126.94905445597009,1,3,3,2,3,no,yes,음식점>스페인음식,서울특별시 용산구 한강로3가 40-4,
타파스바,restaurant,용산구,37.505197368630405,127.00382916187358,1,3,3,2,3,no,yes,음식점>스페인음식,서울특별시 용산구 이태원동 119-28 1층,
문스타파 한남점,restaurant,용산구,37.45244154250153,127.02736909119562,1,3,3,2,3,no,yes,음식점>스페인음식,서울특별시 용산구 한남동 657-96 1층 문스타파 한남점,
스즈란테이,restaurant,용산구,37.53808053686419,127.07244602494609,1,3,3,2,3,no,yes,음식점>일식>일식당,서울특별시 용산구 이촌동 301-151 로얄상가 지하 1층,
초승달,restaurant,용산구,37.518519227766234,127.06241039167591,1,4,2,2,3,yes,yes,술집>요리주점,서울특별시 용산구 이태원동 226-3 1층,
산동,restaurant,용산구,37.4478828734357,127.02000136950919,1,3,3,2,3,no,yes,음식점>일식>일식당,서울특별시 용산구 한강로2가 311-2,
한땀스시,restaurant,용산구,37.520102710685656,127.07864694619899,1,3,3,2,3,no,yes,"음식점>일식>초밥,롤",서울특별시 용산구 한강로2가 420 용산푸지오써밋 지하 1층 B102-1호,
고로고로 용산,restaurant,용산구,37.584232722771404,127.03580531704466,1,3,3,2,3,no,yes,음식점>일식>일식당,서울특별시 용산구 한강로3가 40-216 1층,
미나리밭오리사냥 용산,restaurant,용산구,37.59094671021571,126.93764448039214,1,3,3,2,3,no,yes,한식>오리요리,서울특별시 용산구 한강로3가 40-619 1층,
말방국밥 용산본점,restaurant,용산구,37.44065876604726,127.08177278531971,1,3,3,2,3,no,yes,한식>국밥,서울특별시 용산구 한강로2가 51-4 1층,
고산식육점,restaurant,용산구,37.56251783734369,127.01913710293967,1,3,3,2,3,no,yes,한식>돼지고기구이,"서울특별시 용산구 한강로2가 155-1 1, 2층",
남산광어,restaurant,용산구,37.44925869674725,127.07193355635702,1,3,3,2,3,no,yes,음식점>한식,서울특별시 용산구 한남동 631-5 2층,
용산봉숭아,restaurant,용산구,37.559170830948865,127.00123256829593,1,3,3,2,3,no,yes,음식점>한식,서울특별시 용산구 한강로3가 40-128 1층,
미니마이즈 이태원점,cafe,용산구,37.47469329595476,127.09411722874603,1,2,3,2,3,no,no,"음식점>카페,디저트",서울특별시 용산구 이태원동 56-10 2층,
패션5,cafe,용산구,37.59302958770347,126.96735044155191,1,2,3,2,3,no,no,"카페,디저트>베이커리",서울특별시 용산구 한남동 729-74 SPC빌딩,
알페도,cafe,용산구,37.566659341405675,127.0994281167861,1,2,3,2,3,no,no,"카페,디저트>베이커리",서울특별시 용산구 이태원동 128-9 1층 4-5호,
베이커리무이,cafe,용산구,37.51236979324724,127.03703330532721,1,2,3,2,3,no,no,"카페,디저트>베이커리",서울특별시 용산구 원효로1가 28-1 1층,
테디뵈르하우스 용산점,cafe,용산구,37.503388529691904,126.94257824094828,1,2,3,2,3,no,no,"음식점>카페,디저트",서울특별시 용산구 한강로2가 49-1 1층,
테디뵈르하우스 더현대서울점,cafe,영등포구,37.52899071982359,127.09284523724655,1,2,3,2,3,no,no,"음식점>카페,디저트",서울특별시 영등포구 여의도동 22 지하1층,
맨홀커피웨스턴책방,cafe,영등포구,37.58928823151508,126.91880953157971,1,2,3,2,3,no,no,"음식점>카페,디저트",서울특별시 영등포구 당산동1가 238 맨홀커피 웨스턴 책방 1층,
스타벅스 여의도한강공원점,cafe,영등포구,37.40541457480961,126.91060973083279,1,2,3,2,3,no,no,"카페,디저트>카페",서울특별시 영등포구 여의도동 85-1 선착장 3층,
브릭샌드 여의도점,cafe,영등포구,37.483288572957115,126.91893401540848,1,2,3,2,3,no,no,"음식점>카페,디저트",서울특별시 영등포구 여의도동 23-2 원센티널 1층,
코끼리베이글 영등포,cafe,영등포구,37.43560113712038,127.04351009617635,1,2,3,2,3,no,no,"카페,디저트>베이글",서울특별시 영등포구 양평동3가 69 코끼리베이글,
워킹온더클라우드,restaurant,영등포구,37.48147366641808,127.01257276041576,1,3,3,2,3,no,yes,음식점>양식,서울특별시 영등포구 여의도동 60 한화생명빌딩 59층,
도깨비굴,restaurant,영등포구,37.51764930920736,127.06463145489835,1,3,3,2,3,no,yes,음식점>양식,서울특별시 영등포구 여의도동 36 지하1층 C-001호,
트라가 여의도점,restaurant,영등포구,37.4524809168625,126.95915398315479,1,3,3,2,3,no,yes,음식점>스페인음식,서울특별시 영등포구 여의도동 34-8 지하1층 비132호,
이탈리 더현대서울,restaurant,영등포구,37.456212199655006,127.05581341364015,1,3,3,2,3,no,yes,음식점>이탈리아음식,서울특별시 영등포구 여의도동 22 더현대서울 6층,
르포르테,restaurant,영등포구,37.55887274172034,126.92708779854716,1,3,3,2,3,no,yes,음식점>양식,서울특별시 영등포구 당산동6가 339-4 DN빌딩 12층,
베르데 문래,restaurant,영등포구,37.5654415263299,126.90607096588631,1,3,3,2,3,no,yes,음식점>브런치,서울특별시 영등포구 문래동2가 14-16 1층,
영길리,restaurant,영등포구,37.40024586278059,127.04871955700949,1,3,3,2,3,no,yes,음식점>양식,서울특별시 영등포구 문래동2가 14-59 2층,
오르조 르브텀 여의도,restaurant,영등포구,37.535073728978006,127.03206918899707,1,3,3,2,3,no,yes,음식점>양식,서울특별시 영등포구 여의도동 43 1층 109호,
팜스프링스,cafe,영등포구,37.51251309277567,127.0625279683059,1,2,3,2,3,no,no,브런치카페,서울특별시 영등포구 신길동 137-20 카페팜스프링스,
양키스그릴,restaurant,영등포구,37.43882865875467,126.93626802387963,1,3,3,2,3,no,yes,"음식점>스테이크,립",서울특별시 영등포구 문래동3가 58-35,
갤러리문래,restaurant,영등포구,37.48502190723622,127.02920510248302,1,3,3,2,3,no,yes,음식점>양식,서울특별시 영등포구 문래동2가 14-98 1층,
제이렘333 피제리아,restaurant,영등포구,37.59095055648409,126.95398506889894,1,3,3,2,3,no,yes,음식점>이탈리아음식,서울특별시 영등포구 여의도동 13-21 맨하탄21빌딩 리빙텔 2층 201호,
불란서와이너리,restaurant,영등포구,37.53485458224576,126.93168184304125,1,2,4,4,3,yes,no,술집>와인,서울특별시 영등포구 영등포동1가 116-3 1층,
비닐하우스,restaurant,영등포구,37.42059859196151,126.92659223268865,1,4,2,2,3,yes,yes,술집>요리주점,서울특별시 영등포구 문래동3가 54-39 1층,
와빈,restaurant,영등포구,37.57484697303453,127.00637761806733,1,2,4,4,3,yes,no,술집>와인,서울특별시 영등포구 영등포동3가 17 2층,
당산친친,restaurant,영등포구,37.47976685184211,126.96411224014255,1,2,4,4,3,yes,no,술집>와인,서울특별시 영등포구 양평동4가 27-6 2층 당산친친,
문래 화인,restaurant,영등포구,37.41778041336678,127.07252614328671,1,3,3,2,3,no,yes,음식점>양식,서울특별시 영등포구 문래동2가 60-2 화인,
서가앤쿡 타임스퀘어점,restaurant,영등포구,37.51884326611481,127.07247632811848,1,3,3,2,3,no,yes,음식점>이탈리아음식,서울특별시 영등포구 영등포동4가 442 타임스퀘어 4F,
더플레이스 여의도IFC몰점,restaurant,영등포구,37.55265423857461,126.90219363300885,1,3,3,2,3,no,yes,양식>이탈리아음식,서울특별시 영등포구 여의도동 23 L3층,
댈러스 피자 문래본점,restaurant,영등포구,37.464359214375484,126.99705043979023,1,3,3,2,3,no,yes,음식점>피자,서울특별시 영등포구 문래동2가 14-81 1층,
브뤼셀프라이 영등포타임스퀘어점,restaurant,영등포구,37.47190174251512,127.02327974202272,1,3,3,2,3,no,yes,음식점>후렌치후라이,서울특별시 영등포구 영등포동4가 434-5 신세계백화점 타임스퀘어점 지하1층,
프렌치도그 본점,cafe,영등포구,37.53107883779923,127.06264558542003,1,2,3,2,3,no,no,"음식점>카페,디저트",서울특별시 영등포구 도림동 227-4 102호,
프렌치 비스트로 벨꾸,restaurant,영등포구,37.470684959443076,126.91063604593333,1,3,3,2,3,no,yes,음식점>양식,서울특별시 영등포구 문래동2가 44-17 1층,
프렌치캣 신세계백화점 타임스퀘어점,restaurant,영등포구,37.43075659550189,126.9403443221363,1,3,3,2,3,no,yes,"쇼핑,유통>유아동복",서울특별시 영등포구 영등포동4가 434-5 A관8층,
프렌치캣 롯데백화점 영등포점,restaurant,영등포구,37.514233320577596,126.96997966823568,1,3,3,2,3,no,yes,"쇼핑,유통>유아동복",서울특별시 영등포구 영등포동 618-496,
버윅 더현대 서울점,restaurant,영등포구,37.478788219710616,127.01293898723816,1,3,3,2,3,no,yes,신발>수제화,서울특별시 영등포구 여의도동 22 더현대 서울 3F 버윅,
대교 랭귀지스퀘어 여의도스퀘어,restaurant,영등포구,37.52981672350259,127.01841896894265,1,3,3,2,3,no,yes,어학교육>중국어교육,서울특별시 영등포구 여의도동 44-21 중앙빌딩 10층 1005호,
핀초,restaurant,영등포구,37.47078298586389,127.08838497172299,1,2,4,4,3,yes,no,술집>와인,서울특별시 영등포구 문래동3가 58-57 핀초,
노조미일식,restaurant,영등포구,37.44318605153043,126.96519192958318,1,3,3,2,3,no,yes,음식점>일식>일식당,서울특별시 영등포구 여의도동 15-24 삼희익스콘벤쳐타워 B113호,
동해도 일식,restaurant,영등포구,37.577058612682734,126.91231346143522,1,3,3,2,3,no,yes,음식점>일식>일식당,서울특별시 영등포구 여의도동 14-15 안원빌딩 지하1층,
키사라 여의도점,restaurant,영등포구,37.48418371154224,126.93882052708638,1,3,3,2,3,no,yes,음식점>일식>일식당,서울특별시 영등포구 여의도동 20 LG트윈타워 동관 5층,
이타마에,restaurant,영등포구,37.52448043343454,127.02669841311825,1,3,3,2,3,no,yes,음식점>일식>일식당,서울특별시 영등포구 여의도동 37 아일렉스빌딩 5층,
일식비,restaurant,영등포구,37.444193510687796,126.9046024929089,1,3,3,2,3,no,yes,음식점>일식>일식당,서울특별시 영등포구 여의도동 61 여의도금호리첸시아 지하1층,
중앙해장 여의도점,restaurant,영등포구,37.43611526233883,126.97113738900354,1,3,3,2,3,no,yes,음식점>한식>해장국,서울특별시 영등포구 여의도동 23-2 원센티널 2층,
미나리밭오리사냥 문래점,restaurant,영등포구,37.59342487354341,127.00717452539715,1,3,3,2,3,no,yes,한식>오리요리,서울특별시 영등포구 문래동2가 43-7 미나리밭 오리사냥 문래점,
박만배아리랑보쌈 문래점,restaurant,영등포구,37.47469187632967,127.08430065885273,1,3,3,2,3,no,yes,음식점>한식,서울특별시 영등포구 문래동6가 29 신일아르디세 110호,
장보리 영등포점,restaurant,영등포구,37.47575831607922,127.09171407021988,1,3,3,2,3,no,yes,음식점>한식,"서울특별시 영등포구 양평동1가 1-35 1층, 2층",
도도돗,restaurant,영등포구,37.56235534156719,126.91398781735901,1,3,3,2,3,no,yes,음식점>한식,"서울특별시 영등포구 여의도동 35-2 3층 2, 3호",
맨홀커피,cafe,영등포구,37.53284336378207,127.04996918414028,1,2,3,2,3,no,no,"음식점>카페,디저트",서울특별시 영등포구 당산동5가 43 B동상가 지하1층,
카페설리번 당산점,cafe,영등포구,37.445820409509594,127.02213716227257,1,2,3,2,3,no,no,"음식점>카페,디저트",서울특별시 영등포구 당산동6가 311-1 유니언타운 1층 카페 설리번,
로스톤,cafe,영등포구,37.433153687198924,126.95524384761504,1,2,3,2,3,no,no,"음식점>카페,디저트",서울특별시 영등포구 대림동 726-7 1-4층,
셰프의 아이들,cafe,영등포구,37.48032592163114,127.05522151708826,1,2,3,2,3,no,no,"카페,디저트>베이커리","서울특별시 영등포구 당산동1가 309 1층, 2층",
러스트 베이커리,cafe,영등포구,37.44970987505216,127.00495955816902,1,2,3,2,3,no,no,"카페,디저트>베이커리",서울특별시 영등포구 문래동2가 42-19 러스트베이커리,
카페 레이어드 더현대서울점,cafe,영등포구,37.57540809890375,127.07546127650481,1,2,3,2,3,no,no,"음식점>카페,디저트",서울특별시 영등포구 여의도동 22 지하 1층,
입허전,cafe,영등포구,37.55332213022562,126.99924922974498,1,2,3,2,3,no,no,"카페,디저트>베이커리",서울특별시 영등포구 문래동2가 57-4 2층 입허전,
라플로레종,cafe,서대문구,37.560977556226725,126.93915483134151,1,2,3,2,3,no,no,"카페,디저트>케이크전문",서울특별시 서대문구 창천동 50-19 1층 라플로레종,
미묘,cafe,서대문구,37.48823655301317,126.97794383252099,1,2,3,2,3,no,no,"음식점>카페,디저트",서울특별시 서대문구 연희동 129-1 1층,
마우디 브런치,cafe,서대문구,37.59054048053329,126.96703803871391,1,2,3,2,3,no,no,브런치카페,서울특별시 서대문구 연희동 194-30 브라운스톤 A 102,
카페폭포,cafe,서대문구,37.4402355098985,127.08475341030454,1,2,3,2,3,no,no,"음식점>카페,디저트",서울특별시 서대문구 홍은동 429,
아워온즈,cafe,서대문구,37.482216506767166,126.98102033624589,1,2,3,2,3,no,no,"음식점>카페,디저트",서울특별시 서대문구 연희동 133-19,
이빠네마그릴,restaurant,서대문구,37.538742736267885,126.90976632959841,1,3,3,2,3,no,yes,"음식점>스테이크,립",서울특별시 서대문구 창천동 18-11 2층,
작은스페인,restaurant,서대문구,37.42007562895849,126.94750235377242,1,3,3,2,3,no,yes,음식점>스페인음식,서울특별시 서대문구 연희동 81-27,
라아,restaurant,서대문구,37.50980220330903,126.95352746925212,1,3,3,2,3,no,yes,음식점>이탈리아음식,서울특별시 서대문구 연희동 132-75 1층,
비아37 신촌본점,restaurant,서대문구,37.47173535797283,126.90110986307945,1,3,3,2,3,no,yes,음식점>이탈리아음식,서울특별시 서대문구 대현동 34-31 2층 비아,
옐로우보울,restaurant,서대문구,37.40784378205614,127.06047271287733,1,3,3,2,3,no,yes,음식점>이탈리아음식,서울특별시 서대문구 충정로3가 476 구세군빌딩 지상에서 보이는 지하1층(세븐일레븐 바로 옆,
쿳사 연희,restaurant,서대문구,37.475827978673756,127.01294642527367,1,3,3,2,3,no,yes,음식점>브런치,서울특별시 서대문구 연희동 100-2,
그로어스,restaurant,서대문구,37.58857632155695,127.03229084438708,1,3,3,2,3,no,yes,음식점>양식,서울특별시 서대문구 연희동 83-13,
베어스덴 브런치,restaurant,서대문구,37.47459376839103,127.06020172378315,1,3,3,2,3,no,yes,음식점>브런치,"서울특별시 서대문구 창천동 441 1층,2층 베어스덴",
그레인서울,restaurant,서대문구,37.49914294078721,126.93900202250737,1,3,3,2,3,no,yes,음식점>브런치,서울특별시 서대문구 연희동 192-29 2층,
신촌칼,restaurant,서대문구,37.45333869976308,127.05720097146181,1,3,3,2,3,no,yes,음식점>양식,서울특별시 서대문구 창천동 5-96 1층,
라구식당,restaurant,서대문구,37.428182048777295,126.9859862225291,1,3,3,2,3,no,yes,"이탈리아음식>스파게티,파스타전문",서울특별시 서대문구 창천동 2-44 1층,
초원파스타운,restaurant,서대문구,37.47204981518068,126.9984645899381,1,3,3,2,3,no,yes,음식점>양식,서울특별시 서대문구 홍제동 330-156 1층,
메가포크,restaurant,서대문구,37.42960157337499,126.9458595500319,1,3,3,2,3,no,yes,음식점>양식,서울특별시 서대문구 창천동 2-23 2층,
에일크루브루잉 신촌점,restaurant,서대문구,37.47777869597037,127.06000432188118,1,4,2,2,3,yes,yes,"술집>맥주,호프","서울특별시 서대문구 창천동 52-110 지하1층, 지상1~2층 에일크루브루잉 신촌점",
공작 퓨전 비스트로,restaurant,서대문구,37.43514959184094,127.05433614585668,1,4,2,2,3,yes,yes,술집>요리주점,서울특별시 서대문구 연희동 190-10 1층,
그라쏘 와인비스트로,restaurant,서대문구,37.582179124153285,127.02823083088045,1,2,4,4,3,yes,no,술집>와인,서울특별시 서대문구 냉천동 176 그라쏘 와인비스트로,
에어플레인모드,restaurant,서대문구,37.57522959145888,126.96765128663304,1,2,4,4,3,yes,no,술집>와인,서울특별시 서대문구 창천동 13-36 2층,
대피공간,restaurant,서대문구,37.51834370291314,127.01110353249845,1,2,4,4,3,yes,no,술집>와인,서울특별시 서대문구 충정로3가 250-4 1층,
이석덕생면파스타 신촌점,restaurant,서대문구,37.52184841283389,127.06534712031024,1,3,3,2,3,no,yes,음식점>이탈리아음식,서울특별시 서대문구 창천동 13-28 2층 이석덕생면파스타,
파파존스 연희점,restaurant,서대문구,37.43503066698361,127.0613770452475,1,3,3,2,3,no,yes,음식점>피자,서울특별시 서대문구 연희동 341-1,
폼프리츠 신촌점,restaurant,서대문구,37.570899872912854,127.02699199396464,1,3,3,2,3,no,yes,음식점>후렌치후라이,서울특별시 서대문구 창천동 52-40,
꼭시넬,restaurant,서대문구,37.52964604865722,126.94187401374526,1,3,3,2,3,no,yes,음식점>프랑스음식,서울특별시 서대문구 연희동 719-19 1층,
프렌치 크로플&amp;커피,cafe,서대문구,37.416355892987276,126.95517088724168,1,2,3,2,3,no,no,"음식점>카페,디저트","서울특별시 서대문구 천연동 90-23 1층 101호(,지성빌라)",
프렌치빌라,restaurant,서대문구,37.47699797507355,126.98065520007977,1,3,3,2,3,no,yes,"시설,건물>주택",서울특별시 서대문구 북가좌동 383-11,
아트와떵,restaurant,서대문구,37.58353261192781,126.9508974791237,1,3,3,2,3,no,yes,음식점>프랑스음식,서울특별시 마포구 연남동 226-26 1층 101호,
데사유노,restaurant,서대문구,37.55785492020513,127.04642576506285,1,3,3,2,3,no,yes,음식점>스페인음식,서울특별시 서대문구 대현동 60-11 2층 41호,
테이스트오브스페인,restaurant,서대문구,37.40230189917348,126.9173816555335,1,3,3,2,3,no,yes,"서비스,산업>기업",서울특별시 서대문구 창천동 52-65,
연세대학교 외국어학당,restaurant,서대문구,37.40122063597504,127.03464420471269,1,3,3,2,3,no,yes,어학교육,서울특별시 서대문구 신촌동 134 이윤재관 101호,
플라또미오,restaurant,서대문구,37.46890739804702,127.00688372518977,1,3,3,2,3,no,yes,음식점>양식,서울특별시 서대문구 대현동 60-11 2층 35호,
시오 연희동본점,restaurant,서대문구,37.53893182229863,127.07941054357596,1,3,3,2,3,no,yes,음식점>일식>일식당,서울특별시 서대문구 연희동 190-4 1층,
멘츠루 신촌점,restaurant,서대문구,37.437046860195764,127.04315254401597,1,3,3,2,3,no,yes,음식점>일식>일본식라면,서울특별시 서대문구 창천동 4-77 1층,
스시이안앤 신촌점,restaurant,서대문구,37.45547370673048,127.01918811896022,1,3,3,2,3,no,yes,"음식점>일식>초밥,롤","서울특별시 서대문구 창천동 29-81 2층 205, 206호",
소바연구소 신촌본점,restaurant,서대문구,37.566230301351474,127.02184622398082,1,3,3,2,3,yes,yes,"음식점>일식>우동,소바",서울특별시 서대문구 창천동 5-30 1층,
카츠업,restaurant,서대문구,37.40815059189075,127.03517990587946,1,3,3,2,3,no,yes,음식점>일식>돈가스,서울특별시 서대문구 창천동 62-4 1층 카츠업,
연희보리밥,restaurant,서대문구,37.46130357698675,127.01169178645402,1,3,3,2,3,no,yes,음식점>한식,서울특별시 서대문구 연희동 132-51 1층 연희보리밥,
고미정 연희본점,restaurant,서대문구,37.45472605624134,127.08983560659865,1,3,3,2,3,no,yes,음식점>한식,서울특별시 서대문구 연희동 79-3,
육전국밥 신촌점,restaurant,서대문구,37.426499529241774,127.07187214109453,1,3,3,2,3,no,yes,음식점>한식>국밥,"서울특별시 서대문구 창천동 57-24 1층, 2층",
평안도식당 신촌점,restaurant,서대문구,37.41675198100647,126.95354798075331,1,3,3,2,3,no,yes,"한식>순대,순댓국",서울특별시 서대문구 창천동 29-30 1층,
한술식당 신촌점,restaurant,서대문구,37.57552600652242,127.07247138305272,1,3,3,2,3,no,yes,음식점>한식,서울특별시 서대문구 창천동 13-111 1층,
파이홀,cafe,서대문구,37.53257908627602,126.90946195571183,1,2,3,2,3,no,no,"카페,디저트>카페",서울특별시 서대문구 창천동 57-61,
마이시크릿메이트,cafe,서대문구,37.46762111650185,126.918955109212,1,2,3,2,3,no,no,"카페,디저트>베이커리",서울특별시 서대문구 창천동 5-62 1층,
프로토콜 연희점,cafe,서대문구,37.46063364853159,127.07307555619727,1,2,3,2,3,no,no,"음식점>카페,디저트",서울특별시 서대문구 연희동 137-1 2층,
센티멘트,cafe,서대문구,37.457020434166544,127.00504539725016,1,2,3,2,3,no,no,"음식점>카페,디저트",서울특별시 서대문구 연희동 130-10 2층 센티멘트 sentiment,
만동제과 연남점,cafe,서대문구,37.59695106886549,127.0211904074289,1,2,3,2,3,no,no,"카페,디저트>베이커리",서울특별시 서대문구 창천동 448,
악토버 베이커리,cafe,서대문구,37.461070285440954,126.93141366469405,1,2,3,2,3,no,no,"카페,디저트>베이커리",서울특별시 서대문구 대현동 54-13 1층,
오르랔베이커리,cafe,서대문구,37.43128046273228,126.964728955663,1,2,3,2,3,no,no,"카페,디저트>베이커리",서울특별시 서대문구 북아현동 220-36,
파랑베이커리,cafe,서대문구,37.51655544670399,127.08478883920058,1,2,3,2,3,no,no,"카페,디저트>베이커리",서울특별시 서대문구 남가좌동 124-1,
화이트리에 답십리점,cafe,동대문구,37.47451920568064,126.93149959251711,1,2,3,2,3,no,no,"음식점>카페,디저트>베이커리","서울특별시 동대문구 답십리동 1012 카운티에비뉴 104,105호",
스타벅스 경동1960점,cafe,동대문구,37.53481261818363,127.06810464619531,1,2,3,2,3,no,no,"카페,디저트>카페",서울특별시 동대문구 제기동 1019,
온니당,cafe,동대문구,37.50493579330492,126.90299208943937,1,2,3,2,3,no,no,"음식점>카페,디저트",서울특별시 동대문구 장안동 105-11 1층,
카페하인나 답십리점,cafe,동대문구,37.42028265694063,126.91748204470224,1,2,3,2,3,no,no,"음식점>카페,디저트",서울특별시 동대문구 답십리동 267-2 1층,
브레드칸 청량리점,cafe,동대문구,37.56663957007637,126.99493855081576,1,2,3,2,3,no,no,"카페,디저트>베이커리",서울특별시 동대문구 전농동 602-15,
독립밀방 청량리,restaurant,동대문구,37.48499903843573,127.05744871124813,1,3,3,2,3,no,yes,음식점>양식,서울특별시 동대문구 전농동 591-92 청량리역사 3층 308호,
굿갓레스토랑 회기직영점,restaurant,동대문구,37.433872751831366,126.98116071055586,1,3,3,2,3,no,yes,음식점>이탈리아음식,서울특별시 동대문구 회기동 16-23 1층,
알리고,restaurant,동대문구,37.5605831409432,126.90640577625415,1,3,3,2,3,no,yes,음식점>이탈리아음식,서울특별시 동대문구 용두동 38-3 1층,
아워킬리바 답십리본점,restaurant,동대문구,37.587335437242395,126.96071036789661,1,3,3,2,3,no,yes,음식점>이탈리아음식,서울특별시 동대문구 답십리동 1003-2 세기프라자 105호 아워킬리바,
치에테,restaurant,동대문구,37.59512012254289,126.90785316052316,1,3,3,2,3,no,yes,음식점>이탈리아음식,"서울특별시 동대문구 답십리동 488-46 101호, 102호",
디어테이블,restaurant,동대문구,37.56588308943276,126.9659383578568,1,3,3,2,3,no,yes,음식점>양식,서울특별시 동대문구 장안동 338-9,
에잇올리,restaurant,동대문구,37.46270789656449,127.02325175492243,1,3,3,2,3,no,yes,음식점>브런치,서울특별시 동대문구 회기동 3-79 1층,
누스,cafe,동대문구,37.45654464223551,127.05554446870826,1,2,3,2,3,no,no,브런치카페,서울특별시 동대문구 장안동 310-7 1층,
오래,cafe,동대문구,37.55111462197918,127.09930115320446,1,2,3,2,3,no,no,브런치카페,서울특별시 동대문구 전농동 38-34 오래,
몽월 장안본점,restaurant,동대문구,37.48048277373173,127.04987868671533,1,4,2,2,3,yes,yes,술집>요리주점,서울특별시 동대문구 장안동 417-5 10층,
소통 요리주점&amp;화로구이,restaurant,동대문구,37.42459996106116,127.04862347173041,1,4,2,2,3,yes,yes,술집>이자카야,서울특별시 동대문구 장안동 418-11 태영빌딩 2층,
경동역,restaurant,동대문구,37.552350426161965,127.06779416092556,1,4,2,2,3,yes,yes,술집>요리주점,"서울특별시 동대문구 제기동 846-8 1층, 경동역",
윌리하우스,restaurant,동대문구,37.54740993560805,126.98342411340471,1,2,4,4,3,yes,no,술집>와인,서울특별시 동대문구 청량리동 42-10 1층 4호,
오묘,restaurant,동대문구,37.4865282466535,126.98228593812354,1,2,4,4,3,yes,no,술집>와인,서울특별시 동대문구 회기동 16-15 지층,
더몰트하우스 청량리역점,restaurant,동대문구,37.51327899740006,127.06424121088915,1,3,3,2,3,no,yes,음식점>양식>이탈리아음식,서울특별시 동대문구 용두동 798 청량리역 한양수자인 그라시엘 2층 209호~211호,
서오릉피자 답십리점,restaurant,동대문구,37.59398055558558,127.02452215139834,1,3,3,2,3,no,yes,음식점>양식>피자>서오릉피자,서울특별시 동대문구 답십리동 245-2,
프렌치카페 소딜리셔스,cafe,동대문구,37.4974540977357,127.02340523551669,1,2,3,2,3,no,no,"음식점>카페,디저트",서울특별시 동대문구 제기동 892-71,
브뤼셀프라이 롯데백화점 청량리점,restaurant,동대문구,37.45589790914667,127.05288762589441,1,3,3,2,3,no,yes,음식점>후렌치후라이,서울특별시 동대문구 전농동 591-92 롯데백화점 청량리점지하2층,
프렌치네일,restaurant,동대문구,37.59507804209333,126.93266619873634,1,3,3,2,3,no,yes,"미용>네일아트,네일샵",서울특별시 동대문구 전농동 10 전농sk아파트 주상가 2층 222-2호,
프렌치크로플 장안점,cafe,동대문구,37.58528596805734,126.98861273699755,1,2,3,2,3,no,no,"음식점>카페,디저트",서울특별시 동대문구 장안동 403-14 1층,
프렌치캣 롯데백화점청량리점,restaurant,동대문구,37.45412185615895,127.06650535177772,1,3,3,2,3,no,yes,"쇼핑,유통>유아동복",서울특별시 동대문구 전농동 591-92 롯데백화점 청량리점 6층,
아울라 세르반테스,restaurant,동대문구,37.42640072097491,126.98616177915856,1,3,3,2,3,no,yes,어학교육,서울특별시 동대문구 이문동 270-1 외국어연수평가원 110호,
스페니쉬 써니,restaurant,동대문구,37.54549569471956,126.96319395334021,1,3,3,2,3,no,yes,"전문,기술서비스>번역,통역서비스",서울특별시 동대문구 답십리동 492-4,
꼬모꼬모 스페인 와인바,restaurant,동대문구,37.49672860833257,126.92555591644839,1,2,4,4,3,yes,no,술집>와인,서울특별시 광진구 군자동 477-11 꼬모꼬모 - 아이보리색 가게,
고려대학교 스페인라틴아메리카연구소,restaurant,동대문구,37.41705496545916,127.0256726741659,1,3,3,2,3,no,yes,"교육,학문>연구,연구소","서울특별시 성북구 안암동5가 1-2 고려대학교 안암캠퍼스 중앙광장 119H, A호",
빌라드코스테스,restaurant,동대문구,37.56982169376567,127.0709654810127,1,3,3,2,3,no,yes,음식점>양식,서울특별시 성북구 하월곡동 46-85 빌라드코스테스,
스시이안앤 청량리역점,restaurant,동대문구,37.45862521460875,127.02235413364436,1,3,3,2,3,no,yes,"음식점>일식>초밥,롤",서울특별시 동대문구 청량리동 249 3층 301호,
다이닝원 청량리점,restaurant,동대문구,37.57578224020536,127.06553270640889,1,3,3,2,3,no,yes,"음식점>일식,초밥뷔페",서울특별시 동대문구 용두동 798 한양수자인그라시엘 2층,
봄담아 청량리점,restaurant,동대문구,37.520400272565844,127.06551341830206,1,3,3,2,3,no,yes,음식점>일식>샤브샤브,서울특별시 동대문구 용두동 797 청량리역 해링턴플레이스 B동 2층 216~219호,
오늘동 전농,restaurant,동대문구,37.536379802709526,127.01235604405159,1,3,3,2,3,no,yes,음식점>일식>일식당,서울특별시 동대문구 전농동 498-10 1층,
청량함박 일본인이 만든 함박&amp;카레,restaurant,동대문구,37.56968178258145,126.90558517564804,1,3,3,2,3,no,yes,음식점>일식>일식당,서울특별시 동대문구 제기동 575-4,
평양냉면 본점,restaurant,동대문구,37.49979439698891,127.02849764172764,1,3,3,2,3,no,yes,한식>냉면,서울특별시 동대문구 청량리동 296,
안동집 손칼국시,restaurant,동대문구,37.52934619664157,127.05359456310029,1,3,3,2,3,no,yes,"한식>칼국수,만두",서울특별시 동대문구 제기동 1019 신관 지하1층,
부산밀면냉면,restaurant,동대문구,37.533311844028326,127.06522468843112,1,3,3,2,3,no,yes,한식>냉면,서울특별시 동대문구 이문동 339-4,
만선애꿈 장안점,restaurant,동대문구,37.58007423320329,127.0544398190906,1,3,3,2,3,no,yes,"한식>해물,생선요리",서울특별시 동대문구 장안동 580 1층 만선애꿈,
풍년식당,restaurant,동대문구,37.46396383662865,127.08993611798277,1,3,3,2,3,no,yes,음식점>한식,서울특별시 동대문구 답십리동 53-24 풍년식당,
카페청량,cafe,동대문구,37.548726648686404,126.95943870584834,1,2,3,2,3,no,no,"음식점>카페,디저트",서울특별시 동대문구 제기동 478-5 1층,
한시십일분,cafe,동대문구,37.5019506644831,126.97326906252053,1,2,3,2,3,no,no,"음식점>카페,디저트",서울특별시 동대문구 휘경동 280-2 지하1층,
헤이림,cafe,동대문구,37.45998186774367,127.04252035365081,1,2,3,2,3,no,no,"음식점>카페,디저트",서울특별시 동대문구 용두동 38-20 1층,
8번가,cafe,동대문구,37.5101807925517,127.0812225645929,1,2,3,2,3,no,no,"카페,디저트>카페",서울특별시 동대문구 회기동 42-139 1층8번가카페,
크로네,cafe,동대문구,37.53476887519763,127.0407981196596,1,2,3,2,3,no,no,"카페,디저트>베이커리",서울특별시 동대문구 회기동 108-15,
정화,cafe,동대문구,37.509302719604456,127.09559665759375,1,2,3,2,3,no,no,"카페,디저트>베이커리",서울특별시 동대문구 장안동 378-1 101호 정화,
본노엘 답십리,cafe,동대문구,37.57503164975939,127.08225773134505,1,2,3,2,3,no,no,"카페,디저트>베이커리",서울특별시 동대문구 답십리동 250-37 1층,
마리 카페,cafe,동대문구,37.58164972154321,126.99807872532519,1,2,3,2,3,no,no,"카페,디저트>카페",서울특별시 동대문구 전농동 602-23 1층 ~ 4층,
스택베이커리,cafe,광진구,37.511345466729814,126.91874231520978,1,2,3,2,3,no,no,"카페,디저트>베이커리","서울특별시 광진구 자양동 552-3 1, 2층",
카페 오캄,cafe,광진구,37.459143078408964,127.06468139094308,1,2,3,2,3,no,no,"음식점>카페,디저트",서울특별시 광진구 화양동 5-35 1층~3층,
스타벅스 뚝섬한강공원점,cafe,광진구,37.426877337173885,127.01506142961568,1,2,3,2,3,no,no,"카페,디저트>카페",서울특별시 광진구 자양동 126-1,
책방고즈넉,cafe,광진구,37.445156197494676,127.08565413264522,1,2,3,2,3,no,no,"음식점>카페,디저트",서울특별시 광진구 군자동 467-15,
무드림 베이커리 카페 건대점,cafe,광진구,37.4033055129975,126.94392916367454,1,2,3,2,3,no,no,"음식점>카페,디저트","서울특별시 광진구 화양동 8-43 2층, 3층",
탄토탄토,restaurant,광진구,37.53328525996912,127.05046648936175,1,3,3,2,3,no,yes,음식점>이탈리아음식,서울특별시 광진구 화양동 11-7 2층,
도치피자 강변,restaurant,광진구,37.52210053931685,126.98460406388148,1,3,3,2,3,no,yes,음식점>이탈리아음식,서울특별시 광진구 구의동 218-10,
심퍼티쿠시 이스트폴점,restaurant,광진구,37.40635165748882,127.00047079791602,1,3,3,2,3,no,yes,음식점>양식,서울특별시 광진구 자양동 870 2층 20a호,
그레베르 광나루역점,restaurant,광진구,37.56729688606604,127.02643414553336,1,3,3,2,3,no,yes,음식점>양식,서울특별시 광진구 광장동 581 상가동 1층 그레베르 광장본점,
로얄 인디안 레스토랑,restaurant,광진구,37.447638882237264,127.0336842384654,1,3,3,2,3,no,yes,음식점>인도음식,서울특별시 광진구 화양동 49-13 2층,
도우터 건대점,cafe,광진구,37.43876524365078,126.95936075772494,1,2,3,2,3,no,no,브런치카페,서울특별시 광진구 화양동 11-17 1층,
듀블럭 광장본점,restaurant,광진구,37.424781564389555,126.92030334359612,1,3,3,2,3,no,yes,음식점>양식,서울특별시 광진구 광장동 187-2 1층,
투또톤토,cafe,광진구,37.46765275746566,126.95157256609782,1,2,3,2,3,no,no,"음식점>카페,디저트",서울특별시 광진구 화양동 5-3 1층 투또톤토,
후문 카페,restaurant,광진구,37.50827453306834,127.00318267554476,1,3,3,2,3,no,yes,음식점>양식,서울특별시 광진구 능동 256-13,
뉴웨이브서울 건대,restaurant,광진구,37.46977581275732,126.9614191958617,1,3,3,2,3,no,yes,음식점>양식,서울특별시 광진구 화양동 5-56 뉴웨이브 서울,
드로잉레시피,restaurant,광진구,37.59964819025671,126.9796048256733,1,3,3,2,3,no,yes,음식점>양식,서울특별시 광진구 자양동 533-4 드로잉레시피,
류지로,restaurant,광진구,37.56096414209821,127.07552942183496,1,4,2,2,3,yes,yes,술집>이자카야,서울특별시 광진구 중곡동 142-27 1층,
브네,restaurant,광진구,37.45985125573905,127.02265734528238,1,2,4,4,3,yes,no,술집>와인,서울특별시 광진구 군자동 362-1 106호 VENEZ 브네,
재즈라운지,restaurant,광진구,37.557060985649876,126.99259198519387,1,2,4,4,3,yes,no,술집>와인,서울특별시 광진구 화양동 111-25 재즈라운지 1층,
만경상회 건대본점,restaurant,광진구,37.44662051751269,126.9036629896511,1,4,2,2,3,yes,yes,술집>요리주점,서울특별시 광진구 화양동 49-14,
새로이,restaurant,광진구,37.5198663014228,126.99726011152673,1,4,2,2,3,yes,yes,술집>요리주점,서울특별시 광진구 화양동 94-1 / 1층 새로이,
비스타 워커힐 서울 피자힐,restaurant,광진구,37.51762335468666,127.06514449849834,1,3,3,2,3,no,yes,음식점>피자,서울특별시 광진구 광장동 22-1 워커힐 호텔앤리조트,
로니로티 건대점,restaurant,광진구,37.522985157564364,126.99821354304203,1,3,3,2,3,no,yes,음식점>이탈리아음식,서울특별시 광진구 화양동 7-44 단산화빌딩,
마초쉐프 건대점,restaurant,광진구,37.582346919603786,127.05862517692148,1,3,3,2,3,no,yes,양식>이탈리아음식,서울특별시 광진구 화양동 5-3 2층 마초쉐프 건대점,
플록,restaurant,광진구,37.554791900656205,127.02819475409453,1,3,3,2,3,no,yes,음식점>프랑스음식,서울특별시 광진구 자양동 769-12 광석빌딩 1층,
르빠니에블루,restaurant,광진구,37.56897661414117,126.90836080690971,1,3,3,2,3,no,yes,음식점>프랑스음식,서울특별시 광진구 화양동 2-45,
폼프리츠 세종대점,restaurant,광진구,37.4574454492876,127.06829152425158,1,3,3,2,3,no,yes,음식점>후렌치후라이,서울특별시 광진구 화양동 114-5,
네일리,restaurant,광진구,37.53091864942167,126.90418873592928,1,3,3,2,3,no,yes,"미용>네일아트,네일샵",서울특별시 광진구 중곡동 210-7 1층 네일리,
프렌치캣 롯데백화점 건대스타시티점,restaurant,광진구,37.43769286104984,126.98912415561011,1,3,3,2,3,no,yes,"쇼핑,유통>유아동복",서울특별시 광진구 자양동 227-342 8층,
재즈바주옥,restaurant,광진구,37.46628191991536,126.92315155039519,1,3,3,2,3,no,yes,음식점>스페인음식,서울특별시 광진구 구의동 589-10 1층 104호,
실비아스페인어,restaurant,광진구,37.51168360989415,126.98835130546908,1,3,3,2,3,no,yes,어학교육,서울특별시 광진구 중곡동 94-4 3층,
sunny - jung 플라멩코 아카데미,restaurant,광진구,37.5256938823617,126.94740364774621,1,3,3,2,3,no,yes,"협회,단체>무용,댄스",서울특별시 광진구 자양동 8-21 지하1층,
대한플라멩코협회,restaurant,광진구,37.44015999462114,127.06355064499147,1,3,3,2,3,no,yes,"협회,단체>무용,댄스",서울특별시 광진구 자양동 8-21,
마초야 구의점,restaurant,광진구,37.40007158065439,127.09894347530404,1,3,3,2,3,yes,yes,"음식점>일식>우동,소바",서울특별시 광진구 구의동 218-11 1층 101호,
코시 건대점,restaurant,광진구,37.41941956924384,126.94768056988623,1,3,3,2,3,yes,yes,"음식점>일식>우동,소바",서울특별시 광진구 화양동 49-18 1층,
고베규카츠 건대점,restaurant,광진구,37.434448413036655,126.97310474739771,1,3,3,2,3,no,yes,음식점>일식>돈가스,서울특별시 광진구 화양동 3-73,
이이요,restaurant,광진구,37.596995968031045,127.02608323018595,1,3,3,2,3,no,yes,음식점>일식>일식당,서울특별시 광진구 능동 225-1,
장가 메차쿠차,restaurant,광진구,37.45736508167389,126.95110800423829,1,3,3,2,3,no,yes,음식점>일식>돈가스,서울특별시 광진구 구의동 593-9 지하1층 메차쿠차,
채육식당 군자점,restaurant,광진구,37.410557499027945,126.930655996917,1,3,3,2,3,no,yes,음식점>한식,서울특별시 광진구 군자동 466-17 1층,
한우88도매장 구의역점,restaurant,광진구,37.543974689642894,126.9473106261545,1,3,3,2,3,no,yes,"음식점>한식>육류,고기요리",서울특별시 광진구 자양동 779-6 1층,
손에손잡고 구의역점,restaurant,광진구,37.56789560399414,126.94230017839187,1,3,3,2,3,no,yes,음식점>한식,서울특별시 광진구 구의동 221-5 1층,
태천면옥,restaurant,광진구,37.52469996024621,127.00651845363235,1,3,3,2,3,no,yes,한식>냉면,서울특별시 광진구 광장동 258-39 태천면옥,
뇌산마을 건대직영점,restaurant,광진구,37.47603534626657,127.01650394769325,1,3,3,2,3,no,yes,음식점>한식,서울특별시 광진구 화양동 5-65 지층,
환원당,cafe,광진구,37.49533888816752,126.98614842987928,1,2,3,2,3,no,no,"음식점>카페,디저트",서울특별시 광진구 화양동 94-25,
윤키,cafe,광진구,37.46043198015531,126.99041734502691,1,2,3,2,3,no,no,"음식점>카페,디저트",서울특별시 광진구 중곡동 142-21 1층 윤키,
윤숲 후르츠산도점,cafe,광진구,37.53625451813444,127.03275191423523,1,2,3,2,3,no,no,"음식점>카페,디저트",서울특별시 광진구 중곡동 628-7 1층,
릴리베이커리,cafe,광진구,37.57135157444284,127.0920209649898,1,2,3,2,3,no,no,"카페,디저트>베이커리",서울특별시 광진구 화양동 11-30 1층 릴리베이커리(김밥천국바로옆)-지하X,
에이콥베이커리 롯데백화점 건대스타시티점,cafe,광진구,37.57154085106816,126.91551153847806,1,2,3,2,3,no,no,"카페,디저트>베이커리",서울특별시 광진구 자양동 227-342 B1층,
어나더사이드,cafe,강서구,37.57732190257566,126.95755171776597,1,2,3,2,3,no,no,"음식점>카페,디저트",서울특별시 강서구 내발산동 677 1층 카페 어나더사이드,
프레베리 마곡케이크,cafe,강서구,37.47316893430805,126.96394267660314,1,2,3,2,3,no,no,"음식점>카페,디저트",서울특별시 강서구 마곡동 797-12 1층,
베이커리 룬,cafe,강서구,37.423379517173835,126.98970679896962,1,2,3,2,3,no,no,"카페,디저트>베이커리",서울특별시 강서구 마곡동 797-4 발산파크프라자10,
콜트클럽 마곡,cafe,강서구,37.48679958265768,126.97611185104707,1,2,3,2,3,no,no,"음식점>카페,디저트",서울특별시 강서구 마곡동 795-1 2층 콜트클럽,
빵백화점 마곡점,cafe,강서구,37.54813972824643,126.9876586010945,1,2,3,2,3,no,no,"카페,디저트>베이커리","서울특별시 강서구 마곡동 798-16 마곡M밸리W타워 4차 1층 104-109, 111호",
하우스오브디라이프스타일키친 원그로브점,restaurant,강서구,37.41954636174369,127.09435134023475,1,3,3,2,3,no,yes,음식점>양식,서울특별시 강서구 마곡동 769 원그로브 B동 B1층,
로마옥 마곡,restaurant,강서구,37.519878431775595,126.92130157319424,1,3,3,2,3,no,yes,음식점>양식,서울특별시 강서구 마곡동 812 LG아트센터서울 3층 로마옥,
라우라,restaurant,강서구,37.439075336076385,126.96158335361747,1,3,3,2,3,no,yes,음식점>양식,서울특별시 강서구 마곡동 796-5 마곡테크노타워 2층 202호,
파스타고 마곡나루점,restaurant,강서구,37.42698078282424,126.91200298348701,1,3,3,2,3,no,yes,"이탈리아음식>스파게티,파스타전문",서울특별시 강서구 마곡동 760 2층 215호,
아우룸 마곡,restaurant,강서구,37.561443731634235,127.05742080095236,1,3,3,2,3,no,yes,음식점>이탈리아음식,서울특별시 강서구 마곡동 772-5 B동 1층 115호,
브런치나인,cafe,강서구,37.44580788287908,127.08076854477147,1,2,3,2,3,no,no,브런치카페,서울특별시 강서구 마곡동 800-1 문영퀸즈파크11차 1층 126호,
고양이똥,restaurant,강서구,37.43255614323633,126.98306376389968,1,3,3,2,3,no,yes,음식점>브런치,서울특별시 강서구 등촌동 647-62,
더왓에버,cafe,강서구,37.58961715861949,127.07198505978198,1,2,3,2,3,no,no,브런치카페,서울특별시 강서구 마곡동 799-17 테크노타워2 1층,
파스타인카페,restaurant,강서구,37.45430322538443,126.9181872527054,1,3,3,2,3,no,yes,"이탈리아음식>스파게티,파스타전문",서울특별시 강서구 마곡동 799-17 테크노타워2 201호,
비바나폴리,restaurant,강서구,37.43197853465572,127.05561539316201,1,3,3,2,3,no,yes,음식점>피자,서울특별시 강서구 마곡동 773 힐스테이트 에코 마곡역 1층 101호,
변두리 로바타,restaurant,강서구,37.46491030525714,126.99411481962225,1,4,2,2,3,yes,yes,술집>요리주점,서울특별시 강서구 마곡동 797-7 퀸즈파크텐 2층 201호,
스몰 스파이시 올리브,restaurant,강서구,37.58955848777953,127.04683381762368,1,2,4,4,3,yes,no,술집>와인,서울특별시 강서구 마곡동 799-11 b동 111호,
무드무드,restaurant,강서구,37.45161363047503,126.95111405020533,1,4,2,2,3,yes,yes,술집>요리주점,서울특별시 강서구 마곡동 797-10 2층 201호 무드무드,
고릴라쉐프 마곡점,restaurant,강서구,37.55476784466264,126.9067329204921,1,4,2,2,3,yes,yes,술집>요리주점,서울특별시 강서구 마곡동 773-2 마곡지엠지타워 2층 209호,
마곡 와인오픈,restaurant,강서구,37.41283667202036,126.97025081200758,1,2,4,4,3,yes,no,술집>와인,서울특별시 강서구 마곡동 773-1 1층 111호,
아우어루꼴라,restaurant,강서구,37.562520698517616,126.94068525425912,1,3,3,2,3,no,yes,음식점>피자,서울특별시 강서구 마곡동 773-1 1층 113호,
마가렛 Marguerite,restaurant,강서구,37.40504494710415,127.08377220595887,1,3,3,2,3,no,yes,음식점>이탈리아음식,서울특별시 강서구 마곡동 773-1 1층 115호 마곡역센트럴푸르지오시티,
레피큐르,restaurant,강서구,37.418820910881074,126.95663704713016,1,3,3,2,3,no,yes,음식점>프랑스음식,서울특별시 강서구 마곡동 797-1 퀸즈파크9 A동 205호,
프렌치코코,restaurant,강서구,37.52571623339072,126.90644177832975,1,3,3,2,3,no,yes,음식점>일식>일식당,서울특별시 강서구 마곡동 776-4 엠코지니어스타 B동 1층 110호,
엔젤링네일,restaurant,강서구,37.40713155079261,127.01067519656907,1,3,3,2,3,no,yes,"미용>네일아트,네일샵",서울특별시 강서구 화곡동 1075-37 2층 엔젤링네일,
프렌치메종 홈플러스 강서점,restaurant,강서구,37.578749411345584,127.07579657980457,1,3,3,2,3,no,yes,"쇼핑,유통>이불,담요",서울특별시 강서구 등촌동 639-11,
맛있는스페인,restaurant,강서구,37.415212417025224,127.05189114855305,1,3,3,2,3,no,yes,음식점>스페인음식,서울특별시 강서구 마곡동 798-6 류마타워2 제1층 제117호,
올드바인,restaurant,강서구,37.430581805941394,126.95697277201685,1,2,4,4,3,yes,no,술집>와인,서울특별시 강서구 공항동 34-9 2층,
대교 랭귀지 스퀘어 평생교육원 마곡점,restaurant,강서구,37.42507635190963,127.01716486333196,1,3,3,2,3,no,yes,어학교육,서울특별시 강서구 마곡동 774-3 311호,
차이홍중국어 강서교육국,restaurant,강서구,37.56505678277008,127.09296471551717,1,3,3,2,3,no,yes,어학교육>중국어교육,서울특별시 강서구 마곡동 774-3 310호,
유럽스케치,restaurant,강서구,37.54927050279253,127.09358038417511,1,3,3,2,3,no,yes,"서비스,산업>여행사",서울특별시 강서구 염창동 261-4 12층,
규카츠정 마곡점,restaurant,강서구,37.417117862141176,126.90237719029379,1,3,3,2,3,no,yes,음식점>일식>일식당,서울특별시 강서구 마곡동 774-4 마곡센트럴타워1차 1층 114호,
스시이안앤 발산역점,restaurant,강서구,37.49045905713972,126.9638855477678,1,3,3,2,3,no,yes,"음식점>일식>초밥,롤",서울특별시 강서구 등촌동 678-13 1층 102호,
멘츠루 마곡점,restaurant,강서구,37.43749715553689,127.06463862550744,1,3,3,2,3,no,yes,음식점>일식>일본식라면,"서울특별시 강서구 마곡동 796-5 104호, 105호",
샤브올데이 서울화곡점,restaurant,강서구,37.53648142045427,127.05029778396344,1,3,3,2,3,no,yes,음식점>일식>샤브샤브,서울특별시 강서구 화곡동 1070 2층,
마츠노하나 원그로브점,restaurant,강서구,37.582328242149174,126.98710248049721,1,3,3,2,3,no,yes,음식점>일식>덮밥,서울특별시 강서구 마곡동 769 지하1층 EB118호,
소곤면옥 양천향교본점,restaurant,강서구,37.446768519048064,126.97935440786482,1,3,3,2,3,no,yes,한식>냉면,서울특별시 강서구 마곡동 14-20,
봉혜자네주방 원그로브점,restaurant,강서구,37.5000802508521,127.05428166562989,1,3,3,2,3,no,yes,음식점>한식,서울특별시 강서구 마곡동 769 A동 1층 E107(일부)호,
솥내음 마곡 발산역점,restaurant,강서구,37.400123376761684,127.00956116442433,1,3,3,2,3,no,yes,음식점>한식,서울특별시 강서구 마곡동 797-7 퀸즈파크텐 A동 1층 103호,
돈구멍 마곡본점,restaurant,강서구,37.58163522558963,127.03972697477703,1,3,3,2,3,no,yes,"한식>육류,고기요리",서울특별시 강서구 마곡동 796-3 마곡사이언스타워 2층스타벅스옆/201호 돈구멍 마곡본점,
100년장어촌 마곡본가,restaurant,강서구,37.47763020208233,126.94568756217046,1,3,3,2,3,no,yes,"한식>장어,먹장어요리","서울특별시 강서구 마곡동 774-8 장흥빌딩 102, 103호",
고드니 마곡,cafe,강서구,37.50206736277632,127.0096025478096,1,2,3,2,3,no,no,"음식점>카페,디저트","서울특별시 강서구 마곡동 760-2 캐슬파크 2층 220, 230호",
모먼트 인,cafe,강서구,37.5908448846777,127.07571429762137,1,2,3,2,3,no,no,"음식점>카페,디저트",서울특별시 강서구 등촌동 642-7 1층 101호,
소카크,cafe,강서구,37.44013607242475,126.95862728156453,1,2,3,2,3,no,no,"음식점>카페,디저트",서울특별시 강서구 마곡동 797-6 1층 103호,
타르데마베이커리 우장산,cafe,강서구,37.51054930179211,127.07623906688706,1,2,3,2,3,no,no,"카페,디저트>베이커리",서울특별시 강서구 내발산동 702-22,
타르데마베이커리 방화본점,cafe,강서구,37.54451906748304,126.93013608314058,1,2,3,2,3,no,no,"카페,디저트>베이커리",서울특별시 강서구 마곡동 1238 1층,
파드레,cafe,강서구,37.561397676353046,127.03398854712599,1,2,3,2,3,no,no,"카페,디저트>베이커리","서울특별시 강서구 등촌동 682-2 1층 103호, 104호",
